{"loss": [4.619508266448975, 4.606446743011475, 4.6021294593811035, 4.608983039855957, 4.604907035827637, 4.613277912139893, 4.6108551025390625, 4.6111369132995605, 4.61767578125, 4.602603912353516, 4.608087062835693, 4.609982490539551, 4.598259449005127, 4.596664905548096, 4.603212356567383, 4.6094207763671875, 4.630576133728027, 4.62515926361084, 4.611402988433838, 4.613900661468506, 4.580281734466553, 4.5995378494262695, 4.6010894775390625, 4.593375205993652, 4.591167449951172, 4.6035051345825195, 4.608224391937256, 4.646013259887695, 4.6227593421936035, 4.604182243347168, 4.581300735473633, 4.633543014526367, 4.6360321044921875, 4.588047027587891, 4.6273651123046875, 4.615453720092773, 4.574905872344971, 4.652250289916992, 4.607748031616211, 4.562578201293945, 4.624478816986084, 4.626753330230713, 4.62069034576416, 4.6174516677856445, 4.594642639160156, 4.562711238861084, 4.636177062988281, 4.5931854248046875, 4.547558784484863, 4.6335859298706055], "accuracy": [0.0, 0.0, 0.0, 0.0, 0.0, 0.0, 0.0, 0.0, 0.0, 0.0, 0.0, 0.0, 0.0, 0.0, 0.0, 0.0, 0.0, 0.0, 0.0, 0.0, 0.0, 0.0, 0.0, 0.0, 0.0, 0.0, 0.0, 0.0, 0.0, 0.0, 0.0, 0.0, 0.0, 0.0, 0.0, 0.0, 0.0, 0.0, 0.0, 0.0, 0.0, 0.0, 0.0, 0.0, 0.0, 0.0, 0.0, 0.0, 0.5, 0.0], "top-5-accuracy": [0.0, 0.0, 0.0, 0.0, 0.0, 0.0, 0.0, 0.0, 0.0, 0.0, 0.0, 0.0, 0.0, 0.0, 0.5, 0.0, 0.0, 0.0, 0.0, 0.0, 0.5, 0.0, 0.0, 0.0, 0.0, 0.0, 0.0, 0.0, 0.0, 0.0, 0.0, 0.0, 0.0, 0.0, 0.0, 0.0, 0.0, 0.0, 0.0, 0.0, 0.0, 0.0, 0.0, 0.0, 0.0, 0.5, 0.0, 0.0, 0.5, 0.0], "epoch": 0, "batch_idx": 49, "dataset": "train"}
{"loss": [4.567831039428711, 4.619214057922363, 4.633015155792236, 4.584647178649902, 4.639155387878418, 4.589724540710449, 4.623168468475342, 4.613669395446777, 4.606539249420166, 4.580136299133301, 4.608129024505615, 4.595324516296387, 4.631990909576416, 4.59930419921875, 4.549177169799805, 4.541982650756836, 4.617205619812012, 4.573719024658203, 4.639627456665039, 4.616369247436523, 4.635006904602051, 4.5813446044921875, 4.611207008361816, 4.589922904968262, 4.608129501342773, 4.600008010864258, 4.491938591003418, 4.645966529846191, 4.526729583740234, 4.655055999755859, 4.578858852386475, 4.62911319732666, 4.656377792358398, 4.6743083000183105, 4.654046058654785, 4.610440254211426, 4.626184463500977, 4.590152740478516, 4.648028373718262, 4.582704544067383, 4.652015209197998, 4.647863864898682, 4.665985584259033, 4.648296356201172, 4.595489501953125, 4.5905866622924805, 4.609367370605469, 4.601244926452637, 4.630617141723633, 4.601465225219727], "accuracy": [0.0, 0.0, 0.0, 0.0, 0.0, 0.0, 0.0, 0.0, 0.0, 0.0, 0.0, 0.0, 0.0, 0.0, 0.0, 0.0, 0.0, 0.0, 0.0, 0.0, 0.0, 0.0, 0.0, 0.0, 0.0, 0.0, 0.0, 0.0, 0.0, 0.0, 0.0, 0.0, 0.0, 0.0, 0.0, 0.0, 0.0, 0.0, 0.0, 0.0, 0.0, 0.0, 0.0, 0.0, 0.0, 0.0, 0.0, 0.0, 0.0, 0.0], "top-5-accuracy": [0.0, 0.0, 0.0, 0.0, 0.0, 0.0, 0.0, 0.0, 0.0, 0.5, 0.0, 0.0, 0.0, 0.0, 0.5, 0.0, 0.0, 0.0, 0.0, 0.0, 0.0, 0.0, 0.0, 0.0, 0.0, 0.0, 0.5, 0.0, 0.5, 0.0, 0.0, 0.0, 0.0, 0.0, 0.0, 0.0, 0.0, 0.0, 0.0, 0.0, 0.0, 0.0, 0.0, 0.0, 0.0, 0.0, 0.0, 0.0, 0.0, 0.0], "epoch": 0, "batch_idx": 99, "dataset": "train"}
{"loss": [4.574457168579102, 4.595641136169434, 4.618494033813477, 4.6263957023620605, 4.571463584899902, 4.589566230773926, 4.615194320678711, 4.605179786682129, 4.621250152587891, 4.597921371459961, 4.6329193115234375, 4.599206924438477, 4.587447166442871, 4.581916332244873, 4.601546764373779, 4.590252876281738, 4.612643241882324, 4.620713233947754, 4.593513488769531, 4.613164901733398, 4.5746259689331055, 4.590465545654297, 4.610276222229004, 4.638126373291016, 4.627924919128418, 4.595038414001465, 4.605997085571289, 4.628902435302734, 4.617853164672852, 4.643220901489258, 4.581465721130371, 4.603341579437256, 4.612789630889893, 4.63587760925293, 4.5955681800842285, 4.598808765411377, 4.621545791625977, 4.6155853271484375, 4.604480743408203, 4.598812103271484, 4.621188163757324, 4.611999988555908, 4.592516899108887, 4.6243743896484375, 4.59881067276001, 4.619302749633789, 4.571535110473633, 4.593306541442871, 4.601217269897461, 4.610500335693359], "accuracy": [0.0, 0.0, 0.0, 0.0, 0.0, 0.0, 0.0, 0.0, 0.0, 0.0, 0.0, 0.0, 0.0, 0.0, 0.0, 0.0, 0.0, 0.0, 0.0, 0.0, 0.0, 0.0, 0.0, 0.0, 0.0, 0.0, 0.0, 0.0, 0.0, 0.0, 0.0, 0.0, 0.0, 0.0, 0.0, 0.0, 0.0, 0.0, 0.0, 0.0, 0.0, 0.0, 0.0, 0.0, 0.0, 0.0, 0.0, 0.0, 0.0, 0.0], "top-5-accuracy": [0.0, 0.0, 0.0, 0.0, 0.5, 0.0, 0.0, 0.0, 0.0, 0.0, 0.0, 0.5, 0.0, 0.0, 0.0, 0.5, 0.0, 0.0, 0.0, 0.0, 0.0, 0.0, 0.0, 0.0, 0.0, 0.0, 0.0, 0.0, 0.0, 0.0, 0.0, 0.0, 0.0, 0.0, 0.0, 0.0, 0.0, 0.0, 0.0, 0.0, 0.0, 0.0, 0.0, 0.0, 0.0, 0.0, 0.0, 0.0, 0.0, 0.0], "epoch": 0, "batch_idx": 149, "dataset": "train"}
